<?xml version="1.0" encoding="UTF-8"?>
<Configuration status="WARN">
    <Appenders>
        <Console name="STDOUT" target="SYSTEM_OUT">
            <PatternLayout pattern="%date{DEFAULT} %level [%thread] %class{1}.%method(%file:%line)%n\tIP = %MDC{IP}; USER = %MDC{USER}; ACTION = %MDC{ACTION}; RESOURCE = %MDC{RESOURCE}%n\t%message%n\t%throwable%n"/>
        </Console>
    </Appenders>
    <Loggers>
        <Root level="trace">
            <AppenderRef ref="STDOUT"/>
        </Root>
    </Loggers>
</Configuration>
